 
{
    "X": [0.2, 0.1993709551903885, 0.19748777773527887, 0.19436231366470835, 0.1900142235481891, 0.1844708588209163, 0.1777670897309847, 0.16994508598990288, 0.16105405150621177, 0.15114991487085166, 0.1402949775412643, 0.1285575219373079, 0.11601138191423965, 0.10273547831468127, 0.08881332252115487, 0.07433249113206551, 0.059384075065655045, 0.04406210655730816, 0.028462967654657036, 0.012684783931312879, -0.00317319276696155, -0.019011208660836526, -0.034729635533386004, -0.0502295974362158, -0.06541359266348433, -0.08018610708132276, -0.09445421495453651, -0.10812816349111952, -0.12112193742753329, -0.1333538001032583, -0.14474680762101405, -0.1552292928583514, -0.1647353162859665, -0.17320508075688779, -0.18058530765732422, -0.18682957205302134, -0.1918985947228995, -0.19576048924295572, -0.19839096256615907, -0.1997734678366016, -0.19989930847663706, -0.19876769289225082, -0.19638573945254134, -0.19276843171198843, -0.1879385241571817, -0.18192639907090366, -0.17476987541395703, -0.1665139709269543, -0.1572106189485575, -0.14691834173150675, -0.1357018823114264, -0.1236317972441211, -0.1107840127732221, -0.09723934722009377, -0.08308300260037729, -0.06840402866513372, -0.05329476273800711, -0.03785024887208213, -0.022167639980202256, -0.006345586699613557, 0.009516383164748465, 0.025318490714749887, 0.040961333613038026, 0.05634651136828586, 0.07137724431837432, 0.0859589824178343, 0.1, 0.11341197277255405, 0.12611053341690442, 0.13801580229642235, 0.14905288993515092, 0.15915236810616643, 0.16825070656623625, 0.17629067268951637, 0.18322169148641387, 0.18900016374293369, 0.19358974027927126, 0.1969615506024416, 0.19909438451461692, 0.19997482553477502, 0.1995973352943769, 0.19796428837618657, 0.19508595737708143, 0.19098044828881475, 0.18567358660321454, 0.17919875485826725, 0.17159668264699557, 0.1629151904100672, 0.15320888862379553, 0.1425388342757726, 0.13097214678905714, 0.11858158581092836, 0.10544509352210057, 0.091645304345482, 0.07726902513862577, 0.0624066891396976, 0.04715178710188544, 0.031600279194670115, 0.015849991371357616, 7.347880794884119e-17],
    "Y": [2.4492935982947065e-17, -0.03160027919466993, -0.06240668913969743, -0.09164530434548207, -0.11858158581092806, -0.14253883427577252, -0.16291519041006713, -0.1791987548582672, -0.19098044828881477, -0.19796428837618654, -0.19997482553477502, -0.19696155060244164, -0.1890001637429337, -0.1762906726895164, -0.15915236810616648, -0.1380158022964224, -0.11341197277255427, -0.0859589824178344, -0.05634651136828596, -0.02531849071474981, 0.006345586699613458, 0.03785024887208203, 0.06840402866513362, 0.09723934722009368, 0.12363179724412104, 0.1469183417315067, 0.16651397092695425, 0.1819263990709037, 0.1927684317119884, 0.19876769289225082, 0.1997734678366016, 0.19576048924295575, 0.18682957205302142, 0.17320508075688767, 0.15522929285835144, 0.13335380010325837, 0.10812816349111952, 0.08018610708132301, 0.05022959743621574, 0.019011208660836713, -0.012684783931312782, -0.04406210655730807, -0.07433249113206551, -0.10273547831468133, -0.12855752193730768, -0.15114991487085178, -0.16994508598990282, -0.18447085882091627, -0.19436231366470835, -0.19937095519038847, -0.19937095519038847, -0.19436231366470838, -0.18447085882091632, -0.1699450859899029, -0.15114991487085166, -0.12855752193730782, -0.10273547831468147, -0.07433249113206566, -0.04406210655730824, -0.012684783931312955, 0.019011208660836543, 0.05022959743621591, 0.08018610708132254, 0.10812816349111938, 0.13335380010325823, 0.15522929285835135, 0.17320508075688776, 0.18682957205302125, 0.19576048924295572, 0.1997734678366016, 0.19876769289225085, 0.19276843171198843, 0.1819263990709037, 0.16651397092695444, 0.1469183417315068, 0.12363179724412117, 0.09723934722009384, 0.06840402866513379, 0.03785024887208202, 0.006345586699613808, -0.025318490714749637, -0.05634651136828579, -0.08595898241783423, -0.11341197277255442, -0.1380158022964224, -0.1591523681061663, -0.17629067268951615, -0.18900016374293366, -0.19696155060244167, -0.19997482553477502, -0.19796428837618663, -0.19098044828881497, -0.17919875485826728, -0.16291519041006702, -0.14253883427577263, -0.11858158581092842, -0.09164530434548206, -0.062406689139697685, -0.03160027919466984, -1.4695761589768238e-16],
    "Z": [0.0, 0.0, 0.0, 0.0, 0.0, 0.0, 0.0, 0.0, 0.0, 0.0, 0.0, 0.0, 0.0, 0.0, 0.0, 0.0, 0.0, 0.0, 0.0, 0.0, 0.0, 0.0, 0.0, 0.0, 0.0, 0.0, 0.0, 0.0, 0.0, 0.0, 0.0, 0.0, 0.0, 0.0, 0.0, 0.0, 0.0, 0.0, 0.0, 0.0, 0.0, 0.0, 0.0, 0.0, 0.0, 0.0, 0.0, 0.0, 0.0, 0.0, 0.0, 0.0, 0.0, 0.0, 0.0, 0.0, 0.0, 0.0, 0.0, 0.0, 0.0, 0.0, 0.0, 0.0, 0.0, 0.0, 0.0, 0.0, 0.0, 0.0, 0.0, 0.0, 0.0, 0.0, 0.0, 0.0, 0.0, 0.0, 0.0, 0.0, 0.0, 0.0, 0.0, 0.0, 0.0, 0.0, 0.0, 0.0, 0.0, 0.0, 0.0, 0.0, 0.0, 0.0, 0.0, 0.0, 0.0, 0.0, 0.0, 0.0],
    "quat_X": [1.0, 1.0, 1.0, 1.0, 1.0, 1.0, 1.0, 1.0, 1.0, 1.0, 1.0, 1.0, 1.0, 1.0, 1.0, 1.0, 1.0, 1.0, 1.0, 1.0, 1.0, 1.0, 1.0, 1.0, 1.0, 1.0, 1.0, 1.0, 1.0, 1.0, 1.0, 1.0, 1.0, 1.0, 1.0, 1.0, 1.0, 1.0, 1.0, 1.0, 1.0, 1.0, 1.0, 1.0, 1.0, 1.0, 1.0, 1.0, 1.0, 1.0, 1.0, 1.0, 1.0, 1.0, 1.0, 1.0, 1.0, 1.0, 1.0, 1.0, 1.0, 1.0, 1.0, 1.0, 1.0, 1.0, 1.0, 1.0, 1.0, 1.0, 1.0, 1.0, 1.0, 1.0, 1.0, 1.0, 1.0, 1.0, 1.0, 1.0, 1.0, 1.0, 1.0, 1.0, 1.0, 1.0, 1.0, 1.0, 1.0, 1.0, 1.0, 1.0, 1.0, 1.0, 1.0, 1.0, 1.0, 1.0, 1.0, 1.0],
    "quat_Y": [0.0, 0.0, 0.0, 0.0, 0.0, 0.0, 0.0, 0.0, 0.0, 0.0, 0.0, 0.0, 0.0, 0.0, 0.0, 0.0, 0.0, 0.0, 0.0, 0.0, 0.0, 0.0, 0.0, 0.0, 0.0, 0.0, 0.0, 0.0, 0.0, 0.0, 0.0, 0.0, 0.0, 0.0, 0.0, 0.0, 0.0, 0.0, 0.0, 0.0, 0.0, 0.0, 0.0, 0.0, 0.0, 0.0, 0.0, 0.0, 0.0, 0.0, 0.0, 0.0, 0.0, 0.0, 0.0, 0.0, 0.0, 0.0, 0.0, 0.0, 0.0, 0.0, 0.0, 0.0, 0.0, 0.0, 0.0, 0.0, 0.0, 0.0, 0.0, 0.0, 0.0, 0.0, 0.0, 0.0, 0.0, 0.0, 0.0, 0.0, 0.0, 0.0, 0.0, 0.0, 0.0, 0.0, 0.0, 0.0, 0.0, 0.0, 0.0, 0.0, 0.0, 0.0, 0.0, 0.0, 0.0, 0.0, 0.0, 0.0],
    "quat_Z": [0.0, 0.0, 0.0, 0.0, 0.0, 0.0, 0.0, 0.0, 0.0, 0.0, 0.0, 0.0, 0.0, 0.0, 0.0, 0.0, 0.0, 0.0, 0.0, 0.0, 0.0, 0.0, 0.0, 0.0, 0.0, 0.0, 0.0, 0.0, 0.0, 0.0, 0.0, 0.0, 0.0, 0.0, 0.0, 0.0, 0.0, 0.0, 0.0, 0.0, 0.0, 0.0, 0.0, 0.0, 0.0, 0.0, 0.0, 0.0, 0.0, 0.0, 0.0, 0.0, 0.0, 0.0, 0.0, 0.0, 0.0, 0.0, 0.0, 0.0, 0.0, 0.0, 0.0, 0.0, 0.0, 0.0, 0.0, 0.0, 0.0, 0.0, 0.0, 0.0, 0.0, 0.0, 0.0, 0.0, 0.0, 0.0, 0.0, 0.0, 0.0, 0.0, 0.0, 0.0, 0.0, 0.0, 0.0, 0.0, 0.0, 0.0, 0.0, 0.0, 0.0, 0.0, 0.0, 0.0, 0.0, 0.0, 0.0, 0.0],
    "quat_W": [0.0, 0.0, 0.0, 0.0, 0.0, 0.0, 0.0, 0.0, 0.0, 0.0, 0.0, 0.0, 0.0, 0.0, 0.0, 0.0, 0.0, 0.0, 0.0, 0.0, 0.0, 0.0, 0.0, 0.0, 0.0, 0.0, 0.0, 0.0, 0.0, 0.0, 0.0, 0.0, 0.0, 0.0, 0.0, 0.0, 0.0, 0.0, 0.0, 0.0, 0.0, 0.0, 0.0, 0.0, 0.0, 0.0, 0.0, 0.0, 0.0, 0.0, 0.0, 0.0, 0.0, 0.0, 0.0, 0.0, 0.0, 0.0, 0.0, 0.0, 0.0, 0.0, 0.0, 0.0, 0.0, 0.0, 0.0, 0.0, 0.0, 0.0, 0.0, 0.0, 0.0, 0.0, 0.0, 0.0, 0.0, 0.0, 0.0, 0.0, 0.0, 0.0, 0.0, 0.0, 0.0, 0.0, 0.0, 0.0, 0.0, 0.0, 0.0, 0.0, 0.0, 0.0, 0.0, 0.0, 0.0, 0.0, 0.0, 0.0]
} 
