 
{
    "X": [0.0, 0.01490462111929266, 0.02974922658983108, 0.0444740424246964, 0.05901977698755362, 0.07332785973914448, 0.08734067708017698, 0.10100180434095535, 0.11425623298361015, 0.12705059210206543, 0.1393333633278405, 0.15105508827633674, 0.16216856769829635, 0.17262905153452035, 0.18239441910856286, 0.1914253487318289, 0.19968547603813588, 0.2071415404101818, 0.21376351890831183, 0.21952474716230008, 0.22440202673935739, 0.2283757185560323, 0.2314298219578689, 0.23355203914839473, 0.23473382470800688, 0.23497042000336066, 0.23426087234870646, 0.2326080388420192, 0.23001857486047303, 0.2265029072615864, 0.2220751923979471, 0.21675325911457663, 0.21055853695846394, 0.20351596988934306, 0.1956539158391713, 0.18700403252474554, 0.17760114997325072, 0.16748313027403275, 0.15669071512132857, 0.14526736176184218, 0.13325906800775117, 0.1207141870197505, 0.10768323260594148, 0.09421867582055421, 0.0803747336815322, 0.06620715085773597, 0.05177297520483709, 0.03713032805373723, 0.022338170176482874, 0.007456064372045899, -0.007456064372045947, -0.02233817017648292, -0.03713032805373727, -0.051772975204837035, -0.06620715085773601, -0.08037473368153214, -0.09421867582055424, -0.10768323260594143, -0.12071418701975052, -0.1332590680077511, -0.14526736176184224, -0.1566907151213285, -0.1674831302740328, -0.1776011499732507, -0.18700403252474557, -0.19565391583917127, -0.20351596988934315, -0.21055853695846397, -0.21675325911457663, -0.22207519239794707, -0.22650290726158642, -0.23001857486047303, -0.2326080388420192, -0.23426087234870646, -0.23497042000336066, -0.23473382470800688, -0.23355203914839473, -0.23142982195786893, -0.2283757185560323, -0.22440202673935739, -0.2195247471623001, -0.2137635189083118, -0.20714154041018176, -0.19968547603813588, -0.19142534873182893, -0.1823944191085628, -0.17262905153452032, -0.16216856769829635, -0.15105508827633682, -0.13933336332784046, -0.1270505921020654, -0.11425623298361018, -0.1010018043409554, -0.08734067708017691, -0.07332785973914446, -0.05901977698755366, -0.04447404242469629, -0.029749226589831028, -0.014904621119292662, -5.755839955992561e-17],
    "Y": [0.0, 0.01898886803606239, 0.03767219807716189, 0.055749368349049144, 0.07292951041507031, 0.08893618935819607, 0.10351185172231682, 0.11642196964376354, 0.12745881449242719, 0.13644479930317777, 0.1432353362166111, 0.14772116295183121, 0.14983010087745122, 0.14952821639279137, 0.14682036693221684, 0.14175012280720029, 0.1343990661437004, 0.12488547819521573, 0.11336243615313876, 0.10001535007744378, 0.08505897957941565, 0.0687339782591116, 0.05130302149885034, 0.03304657991798113, 0.014258406495627367, -0.004759190024710179, -0.023700209396002515, -0.04225988352621448, -0.06013958031099208, -0.07705160873601097, -0.09272384793309081, -0.10690412570682946, -0.11936427607962483, -0.12990381056766584, -0.13835314411568722, -0.14457632378399135, -0.1484732162821399, -0.14998111915108128, -0.14907576966918815, -0.14577173524853126, -0.14012217903976604, -0.1322180045171373, -0.12218639280755039, -0.11018875629863, -0.09641814145298096, -0.08109612261833962, -0.0644692368133758, -0.04680501685477307, -0.028387686654061467, -0.00951358794848468, 0.009513587948484739, 0.028387686654061522, 0.046805016854773125, 0.06446923681337573, 0.08109612261833968, 0.09641814145298089, 0.11018875629863004, 0.12218639280755036, 0.13221800451713733, 0.140122179039766, 0.1457717352485313, 0.14907576966918815, 0.14998111915108128, 0.14847321628213994, 0.14457632378399132, 0.13835314411568725, 0.12990381056766576, 0.1193642760796248, 0.10690412570682946, 0.09272384793309085, 0.07705160873601087, 0.06013958031099202, 0.042259883526214494, 0.023700209396002588, 0.0047591900247100525, -0.014258406495627426, -0.03304657991798106, -0.05130302149885021, -0.06873397825911164, -0.08505897957941562, -0.10001535007744371, -0.11336243615313885, -0.12488547819521577, -0.1343990661437004, -0.14175012280720029, -0.14682036693221684, -0.14952821639279137, -0.14983010087745122, -0.14772116295183124, -0.14323533621661108, -0.13644479930317777, -0.12745881449242719, -0.11642196964376361, -0.10351185172231675, -0.08893618935819607, -0.07292951041507037, -0.05574936834904901, -0.03767219807716182, -0.018988868036062395, -7.34788079488412e-17],
    "Z": [0.215, 0.21456713544145514, 0.213270284758621, 0.21111466991148195, 0.2081089708002166, 0.20426529031430327, 0.1995991055984556, 0.19412920573162354, 0.18787761607000375, 0.18086950955870396, 0.17313310536917761, 0.16469955527058028, 0.15560281819259006, 0.14587952348478342, 0.13556882342317234, 0.1247122355578076, 0.113353475536258, 0.10153828107612678, 0.08931422779540558, 0.07673053764225246, 0.06383788069557911, 0.050688171134526866, 0.03733435819839004, 0.023830212978717385, 0.010230111902104568, -0.003411182224483726, -0.017038740724209536, -0.030597690228756323, -0.04403343363401601, -0.05729186994335753, -0.07031961211324565, -0.08306420202402266, -0.09547432171024144, -0.10750000000000004, -0.1190928137312137, -0.13020608273459836, -0.14079505779823628, -0.1508171008568591, -0.16023185668028725, -0.16900141536969931, -0.17709046500741402, -0.18446643384552006, -0.19109962146080853, -0.19696331834789496, -0.2020339134689703, -0.20629098932711692, -0.2097174041803625, -0.21229936106542477, -0.21402646335321318, -0.2148917566123848, -0.2148917566123848, -0.21402646335321318, -0.21229936106542477, -0.2097174041803625, -0.20629098932711692, -0.20203391346897032, -0.19696331834789496, -0.19109962146080856, -0.18446643384552006, -0.17709046500741404, -0.1690014153696993, -0.16023185668028728, -0.15081710085685907, -0.1407950577982363, -0.13020608273459833, -0.11909281373121375, -0.10749999999999992, -0.0954743217102414, -0.08306420202402266, -0.07031961211324571, -0.05729186994335745, -0.04403343363401597, -0.030597690228756323, -0.01703874072420959, -0.0034111822244836357, 0.010230111902104612, 0.023830212978717336, 0.03733435819838994, 0.05068817113452691, 0.06383788069557911, 0.0767305376422524, 0.08931422779540567, 0.10153828107612682, 0.113353475536258, 0.12471223555780755, 0.13556882342317242, 0.14587952348478345, 0.15560281819259006, 0.16469955527058022, 0.17313310536917761, 0.18086950955870396, 0.18787761607000375, 0.19412920573162354, 0.19959910559845562, 0.20426529031430327, 0.2081089708002166, 0.21111466991148195, 0.213270284758621, 0.21456713544145514, 0.215],
    "quat_X": [1.0, 1.0, 1.0, 1.0, 1.0, 1.0, 1.0, 1.0, 1.0, 1.0, 1.0, 1.0, 1.0, 1.0, 1.0, 1.0, 1.0, 1.0, 1.0, 1.0, 1.0, 1.0, 1.0, 1.0, 1.0, 1.0, 1.0, 1.0, 1.0, 1.0, 1.0, 1.0, 1.0, 1.0, 1.0, 1.0, 1.0, 1.0, 1.0, 1.0, 1.0, 1.0, 1.0, 1.0, 1.0, 1.0, 1.0, 1.0, 1.0, 1.0, 1.0, 1.0, 1.0, 1.0, 1.0, 1.0, 1.0, 1.0, 1.0, 1.0, 1.0, 1.0, 1.0, 1.0, 1.0, 1.0, 1.0, 1.0, 1.0, 1.0, 1.0, 1.0, 1.0, 1.0, 1.0, 1.0, 1.0, 1.0, 1.0, 1.0, 1.0, 1.0, 1.0, 1.0, 1.0, 1.0, 1.0, 1.0, 1.0, 1.0, 1.0, 1.0, 1.0, 1.0, 1.0, 1.0, 1.0, 1.0, 1.0, 1.0],
    "quat_Y": [0.0, 0.0, 0.0, 0.0, 0.0, 0.0, 0.0, 0.0, 0.0, 0.0, 0.0, 0.0, 0.0, 0.0, 0.0, 0.0, 0.0, 0.0, 0.0, 0.0, 0.0, 0.0, 0.0, 0.0, 0.0, 0.0, 0.0, 0.0, 0.0, 0.0, 0.0, 0.0, 0.0, 0.0, 0.0, 0.0, 0.0, 0.0, 0.0, 0.0, 0.0, 0.0, 0.0, 0.0, 0.0, 0.0, 0.0, 0.0, 0.0, 0.0, 0.0, 0.0, 0.0, 0.0, 0.0, 0.0, 0.0, 0.0, 0.0, 0.0, 0.0, 0.0, 0.0, 0.0, 0.0, 0.0, 0.0, 0.0, 0.0, 0.0, 0.0, 0.0, 0.0, 0.0, 0.0, 0.0, 0.0, 0.0, 0.0, 0.0, 0.0, 0.0, 0.0, 0.0, 0.0, 0.0, 0.0, 0.0, 0.0, 0.0, 0.0, 0.0, 0.0, 0.0, 0.0, 0.0, 0.0, 0.0, 0.0, 0.0],
    "quat_Z": [0.0, 0.0, 0.0, 0.0, 0.0, 0.0, 0.0, 0.0, 0.0, 0.0, 0.0, 0.0, 0.0, 0.0, 0.0, 0.0, 0.0, 0.0, 0.0, 0.0, 0.0, 0.0, 0.0, 0.0, 0.0, 0.0, 0.0, 0.0, 0.0, 0.0, 0.0, 0.0, 0.0, 0.0, 0.0, 0.0, 0.0, 0.0, 0.0, 0.0, 0.0, 0.0, 0.0, 0.0, 0.0, 0.0, 0.0, 0.0, 0.0, 0.0, 0.0, 0.0, 0.0, 0.0, 0.0, 0.0, 0.0, 0.0, 0.0, 0.0, 0.0, 0.0, 0.0, 0.0, 0.0, 0.0, 0.0, 0.0, 0.0, 0.0, 0.0, 0.0, 0.0, 0.0, 0.0, 0.0, 0.0, 0.0, 0.0, 0.0, 0.0, 0.0, 0.0, 0.0, 0.0, 0.0, 0.0, 0.0, 0.0, 0.0, 0.0, 0.0, 0.0, 0.0, 0.0, 0.0, 0.0, 0.0, 0.0, 0.0],